"Area","Item","Unit","Year","Flag","CO2","CH4","N2O"
"United States of America","Enteric Fermentation","gigagrams","1961","A",144412.5199,144412.5199,NA
"United States of America","Enteric Fermentation","gigagrams","1962","A",146582.94,146582.94,NA
"United States of America","Enteric Fermentation","gigagrams","1963","A",149863.728,149863.728,NA
"United States of America","Enteric Fermentation","gigagrams","1964","A",152283.3569,152283.3569,NA
"United States of America","Enteric Fermentation","gigagrams","1965","A",152320.2883,152320.2883,NA
"United States of America","Enteric Fermentation","gigagrams","1966","A",150605.3958,150605.3958,NA
"United States of America","Enteric Fermentation","gigagrams","1967","A",149626.911,149626.911,NA
"United States of America","Enteric Fermentation","gigagrams","1968","A",149223.9942,149223.9942,NA
"United States of America","Enteric Fermentation","gigagrams","1969","A",149100.0617,149100.0617,NA
"United States of America","Enteric Fermentation","gigagrams","1970","A",151039.1082,151039.1082,NA
"United States of America","Enteric Fermentation","gigagrams","1971","A",153561.5671,153561.5671,NA
"United States of America","Enteric Fermentation","gigagrams","1972","A",156626.6953,156626.6953,NA
"United States of America","Enteric Fermentation","gigagrams","1973","A",160007.631,160007.631,NA
"United States of America","Enteric Fermentation","gigagrams","1974","A",166497.555,166497.555,NA
"United States of America","Enteric Fermentation","gigagrams","1975","A",170582.1288,170582.1288,NA
"United States of America","Enteric Fermentation","gigagrams","1976","A",165537.9288,165537.9288,NA
"United States of America","Enteric Fermentation","gigagrams","1977","A",159743.3628,159743.3628,NA
"United States of America","Enteric Fermentation","gigagrams","1978","A",152432.1947,152432.1947,NA
"United States of America","Enteric Fermentation","gigagrams","1979","A",146308.7304,146308.7304,NA
"United States of America","Enteric Fermentation","gigagrams","1980","A",147126.504,147126.504,NA
"United States of America","Enteric Fermentation","gigagrams","1981","A",150699.5789,150699.5789,NA
"United States of America","Enteric Fermentation","gigagrams","1982","A",151931.598,151931.598,NA
"United States of America","Enteric Fermentation","gigagrams","1983","A",151251.0599,151251.0599,NA
"United States of America","Enteric Fermentation","gigagrams","1984","A",148987.272,148987.272,NA
"United States of America","Enteric Fermentation","gigagrams","1985","A",144884.1768,144884.1768,NA
"United States of America","Enteric Fermentation","gigagrams","1986","A",139749.288,139749.288,NA
"United States of America","Enteric Fermentation","gigagrams","1987","A",135377.655,135377.655,NA
"United States of America","Enteric Fermentation","gigagrams","1988","A",132653.01,132653.01,NA
"United States of America","Enteric Fermentation","gigagrams","1989","A",129191.559,129191.559,NA
"United States of America","Enteric Fermentation","gigagrams","1990","A",128117.241,128117.241,NA
"United States of America","Enteric Fermentation","gigagrams","1991","A",128591.2845,128591.2845,NA
"United States of America","Enteric Fermentation","gigagrams","1992","A",129648.015,129648.015,NA
"United States of America","Enteric Fermentation","gigagrams","1993","A",131173.4571,131173.4571,NA
"United States of America","Enteric Fermentation","gigagrams","1994","A",133025.0261,133025.0261,NA
"United States of America","Enteric Fermentation","gigagrams","1995","A",134802.5353,134802.5353,NA
"United States of America","Enteric Fermentation","gigagrams","1996","A",135363.0663,135363.0663,NA
"United States of America","Enteric Fermentation","gigagrams","1997","A",133133.5036,133133.5036,NA
"United States of America","Enteric Fermentation","gigagrams","1998","A",130845.2932,130845.2932,NA
"United States of America","Enteric Fermentation","gigagrams","1999","A",130019.4619,130019.4619,NA
"United States of America","Enteric Fermentation","gigagrams","2000","A",129066.2824,129066.2824,NA
"United States of America","Enteric Fermentation","gigagrams","2001","A",128028.4929,128028.4929,NA
"United States of America","Enteric Fermentation","gigagrams","2002","A",127585.7442,127585.7442,NA
"United States of America","Enteric Fermentation","gigagrams","2003","A",127156.5288,127156.5288,NA
"United States of America","Enteric Fermentation","gigagrams","2004","A",126036.6355,126036.6355,NA
"United States of America","Enteric Fermentation","gigagrams","2005","A",126739.6515,126739.6515,NA
"United States of America","Enteric Fermentation","gigagrams","2006","A",128901.6343,128901.6343,NA
"United States of America","Enteric Fermentation","gigagrams","2007","A",128877.7917,128877.7917,NA
"United States of America","Enteric Fermentation","gigagrams","2008","A",128632.4277,128632.4277,NA
"United States of America","Enteric Fermentation","gigagrams","2009","A",126964.6308,126964.6308,NA
"United States of America","Enteric Fermentation","gigagrams","2010","A",126180.3081,126180.3081,NA
"United States of America","Enteric Fermentation","gigagrams","2011","A",125045.3064,125045.3064,NA
"United States of America","Enteric Fermentation","gigagrams","2012","A",123167.8686,123167.8686,NA
"United States of America","Enteric Fermentation","gigagrams","2013","A",121906.4175,121906.4175,NA
"United States of America","Enteric Fermentation","gigagrams","2014","A",120288.6814,120288.6814,NA
"United States of America","Enteric Fermentation","gigagrams","2015","A",121105.6324,121105.6324,NA
"United States of America","Enteric Fermentation","gigagrams","2016","A",124364.0763,124364.0763,NA
"United States of America","Enteric Fermentation","gigagrams","2017","A",126468.9166,126468.9166,NA
"United States of America","Enteric Fermentation","gigagrams","2030","A",133312.9429,133312.9429,NA
"United States of America","Enteric Fermentation","gigagrams","2050","A",131406.5284,131406.5284,NA
"United States of America","Manure Management","gigagrams","1961","A",47609.5973,33244.7194,14364.8779
"United States of America","Manure Management","gigagrams","1962","A",48966.5229,34318.5825,14647.9404
"United States of America","Manure Management","gigagrams","1963","A",48967.1523,34016.6938,14950.4585
"United States of America","Manure Management","gigagrams","1964","A",48553.0739,33367.3377,15185.7362
"United States of America","Manure Management","gigagrams","1965","A",46459.4927,31372.5829,15086.9098
"United States of America","Manure Management","gigagrams","1966","A",44117.9733,29257.0983,14860.8751
"United States of America","Manure Management","gigagrams","1967","A",45162.494,30179.9648,14982.5292
"United States of America","Manure Management","gigagrams","1968","A",44861.6908,29964.0946,14897.5962
"United States of America","Manure Management","gigagrams","1969","A",44868.3243,29928.0366,14940.2878
"United States of America","Manure Management","gigagrams","1970","A",43917.1151,28851.8623,15065.2528
"United States of America","Manure Management","gigagrams","1971","A",46608.5252,31100.6979,15507.8273
"United States of America","Manure Management","gigagrams","1972","A",45620.7289,29913.0214,15707.7075
"United States of America","Manure Management","gigagrams","1973","A",44785.6334,28888.7237,15896.9097
"United States of America","Manure Management","gigagrams","1974","A",45654.9904,29186.5916,16468.3988
"United States of America","Manure Management","gigagrams","1975","A",44419.5088,27784.1425,16635.3663
"United States of America","Manure Management","gigagrams","1976","A",42603.6605,26384.8837,16218.7768
"United States of America","Manure Management","gigagrams","1977","A",43372.152,27492.7332,15879.4187
"United States of America","Manure Management","gigagrams","1978","A",42996.7135,27631.0914,15365.6221
"United States of America","Manure Management","gigagrams","1979","A",43473.6021,28396.5691,15077.033
"United States of America","Manure Management","gigagrams","1980","A",45400.0756,30076.4576,15323.618
"United States of America","Manure Management","gigagrams","1981","A",45210.0641,29608.8013,15601.2628
"United States of America","Manure Management","gigagrams","1982","A",43959.8195,28408.8595,15550.96
"United States of America","Manure Management","gigagrams","1983","A",42901.166,27473.544,15427.622
"United States of America","Manure Management","gigagrams","1984","A",42996.7231,27685.3046,15311.4185
"United States of America","Manure Management","gigagrams","1985","A",42244.5866,27226.8821,15017.7045
"United States of America","Manure Management","gigagrams","1986","A",41267.2636,26586.4455,14680.8182
"United States of America","Manure Management","gigagrams","1987","A",40346.1301,25859.79,14486.3401
"United States of America","Manure Management","gigagrams","1988","A",40851.114,26500.4401,14350.6738
"United States of America","Manure Management","gigagrams","1989","A",40751.3035,26547.0215,14204.2821
"United States of America","Manure Management","gigagrams","1990","A",40368.6295,26157.1074,14211.5221
"United States of America","Manure Management","gigagrams","1991","A",41319.2768,26927.6335,14391.6433
"United States of America","Manure Management","gigagrams","1992","A",41535.3671,26980.8764,14554.4907
"United States of America","Manure Management","gigagrams","1993","A",41602.3441,26881.7978,14720.5463
"United States of America","Manure Management","gigagrams","1994","A",42243.8501,27281.4859,14962.3642
"United States of America","Manure Management","gigagrams","1995","A",42133.0426,26978.0964,15154.9462
"United States of America","Manure Management","gigagrams","1996","A",41724.4828,26475.0459,15249.4369
"United States of America","Manure Management","gigagrams","1997","A",42711.2655,27496.6822,15214.5832
"United States of America","Manure Management","gigagrams","1998","A",42597.407,27596.6168,15000.7902
"United States of America","Manure Management","gigagrams","1999","A",41810.1452,26948.675,14861.4702
"United States of America","Manure Management","gigagrams","2000","A",41819.7906,26971.1382,14848.6524
"United States of America","Manure Management","gigagrams","2001","A",41862.9121,27044.9831,14817.929
"United States of America","Manure Management","gigagrams","2002","A",41890.6263,27074.2778,14816.3485
"United States of America","Manure Management","gigagrams","2003","A",41955.9004,27219.9851,14735.9153
"United States of America","Manure Management","gigagrams","2004","A",41759.6413,27156.7444,14602.897
"United States of America","Manure Management","gigagrams","2005","A",42004.409,27365.4455,14638.9635
"United States of America","Manure Management","gigagrams","2006","A",42487.1014,27631.2543,14855.8471
"United States of America","Manure Management","gigagrams","2007","A",42871.9986,27940.5109,14931.4877
"United States of America","Manure Management","gigagrams","2008","A",44420.3229,29348.0287,15072.2943
"United States of America","Manure Management","gigagrams","2009","A",43043.9586,28377.1142,14666.8444
"United States of America","Manure Management","gigagrams","2010","A",42924.8615,28313.4055,14611.456
"United States of America","Manure Management","gigagrams","2011","A",43240.7177,28692.1587,14548.5591
"United States of America","Manure Management","gigagrams","2012","A",43099.4465,28682.9439,14416.5025
"United States of America","Manure Management","gigagrams","2013","A",42563.1324,28321.3126,14241.8198
"United States of America","Manure Management","gigagrams","2014","A",43245.7295,29042.7372,14202.9922
"United States of America","Manure Management","gigagrams","2015","A",43621.3565,29336.4385,14284.918
"United States of America","Manure Management","gigagrams","2016","A",44679.5492,30047.7268,14631.8224
"United States of America","Manure Management","gigagrams","2017","A",45412.1996,30569.6331,14842.5665
"United States of America","Manure Management","gigagrams","2030","A",44965.67,29097.0421,15868.6279
"United States of America","Manure Management","gigagrams","2050","A",45757.7893,29593.0741,16164.7152
"United States of America","Rice Cultivation","gigagrams","1961","Fc",4726.05,4726.05,NA
"United States of America","Rice Cultivation","gigagrams","1962","Fc",5269.95,5269.95,NA
"United States of America","Rice Cultivation","gigagrams","1963","Fc",5269.95,5269.95,NA
"United States of America","Rice Cultivation","gigagrams","1964","Fc",5314.05,5314.05,NA
"United States of America","Rice Cultivation","gigagrams","1965","Fc",5332.2045,5332.2045,NA
"United States of America","Rice Cultivation","gigagrams","1966","Fc",5851.2321,5851.2321,NA
"United States of America","Rice Cultivation","gigagrams","1967","Fc",5859.861,5859.861,NA
"United States of America","Rice Cultivation","gigagrams","1968","Fc",6999.9489,6999.9489,NA
"United States of America","Rice Cultivation","gigagrams","1969","Fc",6330.7094,6330.7094,NA
"United States of America","Rice Cultivation","gigagrams","1970","Fc",5397.6416,5397.6416,NA
"United States of America","Rice Cultivation","gigagrams","1971","Fc",5407.1598,5407.1598,NA
"United States of America","Rice Cultivation","gigagrams","1972","Fc",5407.1598,5407.1598,NA
"United States of America","Rice Cultivation","gigagrams","1973","Fc",6455.0419,6455.0419,NA
"United States of America","Rice Cultivation","gigagrams","1974","Fc",7528.2007,7528.2007,NA
"United States of America","Rice Cultivation","gigagrams","1975","Fc",8381.8518,8381.8518,NA
"United States of America","Rice Cultivation","gigagrams","1976","Fc",7376.5041,7376.5041,NA
"United States of America","Rice Cultivation","gigagrams","1977","Fc",6689.6025,6689.6025,NA
"United States of America","Rice Cultivation","gigagrams","1978","Fc",8834.1855,8834.1855,NA
"United States of America","Rice Cultivation","gigagrams","1979","Fc",8533.791,8533.791,NA
"United States of America","Rice Cultivation","gigagrams","1980","Fc",9851.205,9851.205,NA
"United States of America","Rice Cultivation","gigagrams","1981","Fc",11279.163,11279.163,NA
"United States of America","Rice Cultivation","gigagrams","1982","Fc",9702.735,9702.735,NA
"United States of America","Rice Cultivation","gigagrams","1983","Fc",6451.4625,6451.4625,NA
"United States of America","Rice Cultivation","gigagrams","1984","Fc",8334.9,8334.9,NA
"United States of America","Rice Cultivation","gigagrams","1985","Fc",7412.475,7412.475,NA
"United States of America","Rice Cultivation","gigagrams","1986","Fc",7019.25,7019.25,NA
"United States of America","Rice Cultivation","gigagrams","1987","Fc",6939.135,6939.135,NA
"United States of America","Rice Cultivation","gigagrams","1988","Fc",8625.96,8625.96,NA
"United States of America","Rice Cultivation","gigagrams","1989","Fc",7989.45,7989.45,NA
"United States of America","Rice Cultivation","gigagrams","1990","Fc",8396.64,8396.64,NA
"United States of America","Rice Cultivation","gigagrams","1991","Fc",8271.984,8271.984,NA
"United States of America","Rice Cultivation","gigagrams","1992","Fc",9316.0515,9316.0515,NA
"United States of America","Rice Cultivation","gigagrams","1993","Fc",8426.7015,8426.7015,NA
"United States of America","Rice Cultivation","gigagrams","1994","Fc",9863.3325,9863.3325,NA
"United States of America","Rice Cultivation","gigagrams","1995","Fc",9200.0685,9200.0685,NA
"United States of America","Rice Cultivation","gigagrams","1996","Fc",8340.4125,8340.4125,NA
"United States of America","Rice Cultivation","gigagrams","1997","Fc",9229.7625,9229.7625,NA
"United States of America","Rice Cultivation","gigagrams","1998","Fc",9687.888,9687.888,NA
"United States of America","Rice Cultivation","gigagrams","1999","Fc",10446.3345,10446.3345,NA
"United States of America","Rice Cultivation","gigagrams","2000","Fc",9039.3975,9039.3975,NA
"United States of America","Rice Cultivation","gigagrams","2001","Fc",9857.379,9857.379,NA
"United States of America","Rice Cultivation","gigagrams","2002","Fc",9539.124,9539.124,NA
"United States of America","Rice Cultivation","gigagrams","2003","Fc",8914.521,8914.521,NA
"United States of America","Rice Cultivation","gigagrams","2004","Fc",9890.0865,9890.0865,NA
"United States of America","Rice Cultivation","gigagrams","2005","Fc",10006.143,10006.143,NA
"United States of America","Rice Cultivation","gigagrams","2006","Fc",8390.9805,8390.9805,NA
"United States of America","Rice Cultivation","gigagrams","2007","Fc",8173.8615,8173.8615,NA
"United States of America","Rice Cultivation","gigagrams","2008","Fc",8852.046,8852.046,NA
"United States of America","Rice Cultivation","gigagrams","2009","Fc",9229.7625,9229.7625,NA
"United States of America","Rice Cultivation","gigagrams","2010","Fc",10752.6825,10752.6825,NA
"United States of America","Rice Cultivation","gigagrams","2011","Fc",7784.1645,7784.1645,NA
"United States of America","Rice Cultivation","gigagrams","2012","Fc",7968.576,7968.576,NA
"United States of America","Rice Cultivation","gigagrams","2013","Fc",7343.973,7343.973,NA
"United States of America","Rice Cultivation","gigagrams","2014","Fc",8724.156,8724.156,NA
"United States of America","Rice Cultivation","gigagrams","2015","Fc",7659.288,7659.288,NA
"United States of America","Rice Cultivation","gigagrams","2016","Fc",9211.902,9211.902,NA
"United States of America","Rice Cultivation","gigagrams","2017","Fc",7061.3655,7061.3655,NA
"United States of America","Rice Cultivation","gigagrams","2030","Fc",10526.873,10526.873,NA
"United States of America","Rice Cultivation","gigagrams","2050","Fc",11079.7678,11079.7678,NA
"United States of America","Synthetic Fertilizers","gigagrams","1961","EA",19732.9986,NA,19732.9986
"United States of America","Synthetic Fertilizers","gigagrams","1962","EA",23006.8645,NA,23006.8645
"United States of America","Synthetic Fertilizers","gigagrams","1963","EA",25487.9711,NA,25487.9711
"United States of America","Synthetic Fertilizers","gigagrams","1964","EA",27161.0661,NA,27161.0661
"United States of America","Synthetic Fertilizers","gigagrams","1965","EA",31188.2921,NA,31188.2921
"United States of America","Synthetic Fertilizers","gigagrams","1966","EA",35291.7538,NA,35291.7538
"United States of America","Synthetic Fertilizers","gigagrams","1967","EA",39744.7409,NA,39744.7409
"United States of America","Synthetic Fertilizers","gigagrams","1968","EA",40740.389,NA,40740.389
"United States of America","Synthetic Fertilizers","gigagrams","1969","EA",43677.5548,NA,43677.5548
"United States of America","Synthetic Fertilizers","gigagrams","1970","EA",47525.1674,NA,47525.1674
"United States of America","Synthetic Fertilizers","gigagrams","1971","EA",46885.5769,NA,46885.5769
"United States of America","Synthetic Fertilizers","gigagrams","1972","EA",48485.657,NA,48485.657
"United States of America","Synthetic Fertilizers","gigagrams","1973","EA",53553.7071,NA,53553.7071
"United States of America","Synthetic Fertilizers","gigagrams","1974","EA",50402.8215,NA,50402.8215
"United States of America","Synthetic Fertilizers","gigagrams","1975","EA",60965.2701,NA,60965.2701
"United States of America","Synthetic Fertilizers","gigagrams","1976","EA",62346.1118,NA,62346.1118
"United States of America","Synthetic Fertilizers","gigagrams","1977","EA",58348.0544,NA,58348.0544
"United States of America","Synthetic Fertilizers","gigagrams","1978","EA",62740.284,NA,62740.284
"United States of America","Synthetic Fertilizers","gigagrams","1979","EA",66792.0892,NA,66792.0892
"United States of America","Synthetic Fertilizers","gigagrams","1980","EA",69820.1235,NA,69820.1235
"United States of America","Synthetic Fertilizers","gigagrams","1981","EA",64311.5441,NA,64311.5441
"United States of America","Synthetic Fertilizers","gigagrams","1982","EA",53443.3327,NA,53443.3327
"United States of America","Synthetic Fertilizers","gigagrams","1983","EA",64950.4569,NA,64950.4569
"United States of America","Synthetic Fertilizers","gigagrams","1984","EA",67294.9123,NA,67294.9123
"United States of America","Synthetic Fertilizers","gigagrams","1985","EA",61040.6022,NA,61040.6022
"United States of America","Synthetic Fertilizers","gigagrams","1986","EA",59782.0953,NA,59782.0953
"United States of America","Synthetic Fertilizers","gigagrams","1987","EA",61550.9063,NA,61550.9063
"United States of America","Synthetic Fertilizers","gigagrams","1988","EA",62025.4258,NA,62025.4258
"United States of America","Synthetic Fertilizers","gigagrams","1989","EA",64855.8319,NA,64855.8319
"United States of America","Synthetic Fertilizers","gigagrams","1990","EA",66090.7341,NA,66090.7341
"United States of America","Synthetic Fertilizers","gigagrams","1991","EA",67024.366,NA,67024.366
"United States of America","Synthetic Fertilizers","gigagrams","1992","EA",66506.0581,NA,66506.0581
"United States of America","Synthetic Fertilizers","gigagrams","1993","EA",74028.2989,NA,74028.2989
"United States of America","Synthetic Fertilizers","gigagrams","1994","EA",68618.0173,NA,68618.0173
"United States of America","Synthetic Fertilizers","gigagrams","1995","EA",72042.8508,NA,72042.8508
"United States of America","Synthetic Fertilizers","gigagrams","1996","EA",72328.004,NA,72328.004
"United States of America","Synthetic Fertilizers","gigagrams","1997","EA",72096.7083,NA,72096.7083
"United States of America","Synthetic Fertilizers","gigagrams","1998","EA",72818.1115,NA,72818.1115
"United States of America","Synthetic Fertilizers","gigagrams","1999","EA",72068.1078,NA,72068.1078
"United States of America","Synthetic Fertilizers","gigagrams","2000","EA",67541.8024,NA,67541.8024
"United States of America","Synthetic Fertilizers","gigagrams","2001","EA",70321.8558,NA,70321.8558
"United States of America","Synthetic Fertilizers","gigagrams","2002","Fc",70646.7115,NA,70646.7115
"United States of America","Synthetic Fertilizers","gigagrams","2003","Fc",74464.6328,NA,74464.6328
"United States of America","Synthetic Fertilizers","gigagrams","2004","Fc",73573.8921,NA,73573.8921
"United States of America","Synthetic Fertilizers","gigagrams","2005","Fc",71089.5,NA,71089.5
"United States of America","Synthetic Fertilizers","gigagrams","2006","Fc",75037.8051,NA,75037.8051
"United States of America","Synthetic Fertilizers","gigagrams","2007","Fc",74777.683,NA,74777.683
"United States of America","Synthetic Fertilizers","gigagrams","2008","Fc",71545.1462,NA,71545.1462
"United States of America","Synthetic Fertilizers","gigagrams","2009","Fc",68581.3226,NA,68581.3226
"United States of America","Synthetic Fertilizers","gigagrams","2010","Fc",71367.1013,NA,71367.1013
"United States of America","Synthetic Fertilizers","gigagrams","2011","Fc",77752.4149,NA,77752.4149
"United States of America","Synthetic Fertilizers","gigagrams","2012","Fc",78856.9773,NA,78856.9773
"United States of America","Synthetic Fertilizers","gigagrams","2013","Fc",78663.4683,NA,78663.4683
"United States of America","Synthetic Fertilizers","gigagrams","2014","Fc",77298.6406,NA,77298.6406
"United States of America","Synthetic Fertilizers","gigagrams","2015","Fc",76354.4296,NA,76354.4296
"United States of America","Synthetic Fertilizers","gigagrams","2016","Fc",76153.9548,NA,76153.9548
"United States of America","Synthetic Fertilizers","gigagrams","2017","Fc",75192.2259,NA,75192.2259
"United States of America","Synthetic Fertilizers","gigagrams","2030","Fc",65850.6512,NA,65850.6512
"United States of America","Synthetic Fertilizers","gigagrams","2050","Fc",69297.4507,NA,69297.4507
"United States of America","Manure applied to Soils","gigagrams","1961","A",14491.1419,NA,14491.1419
"United States of America","Manure applied to Soils","gigagrams","1962","A",14511.9163,NA,14511.9163
"United States of America","Manure applied to Soils","gigagrams","1963","A",14489.2022,NA,14489.2022
"United States of America","Manure applied to Soils","gigagrams","1964","A",14490.9543,NA,14490.9543
"United States of America","Manure applied to Soils","gigagrams","1965","A",14282.4608,NA,14282.4608
"United States of America","Manure applied to Soils","gigagrams","1966","A",13991.7898,NA,13991.7898
"United States of America","Manure applied to Soils","gigagrams","1967","A",14178.6078,NA,14178.6078
"United States of America","Manure applied to Soils","gigagrams","1968","A",13822.1664,NA,13822.1664
"United States of America","Manure applied to Soils","gigagrams","1969","A",13787.1688,NA,13787.1688
"United States of America","Manure applied to Soils","gigagrams","1970","A",13796.1163,NA,13796.1163
"United States of America","Manure applied to Soils","gigagrams","1971","A",14184.8122,NA,14184.8122
"United States of America","Manure applied to Soils","gigagrams","1972","A",14219.8374,NA,14219.8374
"United States of America","Manure applied to Soils","gigagrams","1973","A",14102.6362,NA,14102.6362
"United States of America","Manure applied to Soils","gigagrams","1974","A",14289.9361,NA,14289.9361
"United States of America","Manure applied to Soils","gigagrams","1975","A",14060.3993,NA,14060.3993
"United States of America","Manure applied to Soils","gigagrams","1976","A",14000.1867,NA,14000.1867
"United States of America","Manure applied to Soils","gigagrams","1977","A",13987.8168,NA,13987.8168
"United States of America","Manure applied to Soils","gigagrams","1978","A",13922.4246,NA,13922.4246
"United States of America","Manure applied to Soils","gigagrams","1979","A",14189.6134,NA,14189.6134
"United States of America","Manure applied to Soils","gigagrams","1980","A",14526.849,NA,14526.849
"United States of America","Manure applied to Soils","gigagrams","1981","A",14712.5704,NA,14712.5704
"United States of America","Manure applied to Soils","gigagrams","1982","A",14534.2956,NA,14534.2956
"United States of America","Manure applied to Soils","gigagrams","1983","A",14437.8157,NA,14437.8157
"United States of America","Manure applied to Soils","gigagrams","1984","A",14424.593,NA,14424.593
"United States of America","Manure applied to Soils","gigagrams","1985","A",14509.2036,NA,14509.2036
"United States of America","Manure applied to Soils","gigagrams","1986","A",14579.4632,NA,14579.4632
"United States of America","Manure applied to Soils","gigagrams","1987","A",14850.6789,NA,14850.6789
"United States of America","Manure applied to Soils","gigagrams","1988","A",14901.5721,NA,14901.5721
"United States of America","Manure applied to Soils","gigagrams","1989","A",15103.3858,NA,15103.3858
"United States of America","Manure applied to Soils","gigagrams","1990","A",15390.9413,NA,15390.9413
"United States of America","Manure applied to Soils","gigagrams","1991","A",15641.5296,NA,15641.5296
"United States of America","Manure applied to Soils","gigagrams","1992","A",15835.24,NA,15835.24
"United States of America","Manure applied to Soils","gigagrams","1993","A",15965.2243,NA,15965.2243
"United States of America","Manure applied to Soils","gigagrams","1994","A",16188.0842,NA,16188.0842
"United States of America","Manure applied to Soils","gigagrams","1995","A",16388.0129,NA,16388.0129
"United States of America","Manure applied to Soils","gigagrams","1996","A",16571.1461,NA,16571.1461
"United States of America","Manure applied to Soils","gigagrams","1997","A",16715.6936,NA,16715.6936
"United States of America","Manure applied to Soils","gigagrams","1998","A",16512.9533,NA,16512.9533
"United States of America","Manure applied to Soils","gigagrams","1999","A",16370.0082,NA,16370.0082
"United States of America","Manure applied to Soils","gigagrams","2000","A",16537.0271,NA,16537.0271
"United States of America","Manure applied to Soils","gigagrams","2001","A",16636.6276,NA,16636.6276
"United States of America","Manure applied to Soils","gigagrams","2002","A",16760.0696,NA,16760.0696
"United States of America","Manure applied to Soils","gigagrams","2003","A",16647.609,NA,16647.609
"United States of America","Manure applied to Soils","gigagrams","2004","A",16552.2809,NA,16552.2809
"United States of America","Manure applied to Soils","gigagrams","2005","A",16600.6292,NA,16600.6292
"United States of America","Manure applied to Soils","gigagrams","2006","A",16807.781,NA,16807.781
"United States of America","Manure applied to Soils","gigagrams","2007","A",17000.2552,NA,17000.2552
"United States of America","Manure applied to Soils","gigagrams","2008","A",17285.657,NA,17285.657
"United States of America","Manure applied to Soils","gigagrams","2009","A",16582.8724,NA,16582.8724
"United States of America","Manure applied to Soils","gigagrams","2010","A",16576.4871,NA,16576.4871
"United States of America","Manure applied to Soils","gigagrams","2011","A",16601.046,NA,16601.046
"United States of America","Manure applied to Soils","gigagrams","2012","A",16611.9594,NA,16611.9594
"United States of America","Manure applied to Soils","gigagrams","2013","A",16414.6584,NA,16414.6584
"United States of America","Manure applied to Soils","gigagrams","2014","A",16534.73,NA,16534.73
"United States of America","Manure applied to Soils","gigagrams","2015","A",16579.7855,NA,16579.7855
"United States of America","Manure applied to Soils","gigagrams","2016","A",16840.0577,NA,16840.0577
"United States of America","Manure applied to Soils","gigagrams","2017","A",16962.479,NA,16962.479
"United States of America","Manure applied to Soils","gigagrams","2030","A",18833.6307,NA,18833.6307
"United States of America","Manure applied to Soils","gigagrams","2050","A",20104.1597,NA,20104.1597
"United States of America","Manure left on Pasture","gigagrams","1961","A",38545.1819,NA,38545.1819
"United States of America","Manure left on Pasture","gigagrams","1962","A",39659.3069,NA,39659.3069
"United States of America","Manure left on Pasture","gigagrams","1963","A",41417.7925,NA,41417.7925
"United States of America","Manure left on Pasture","gigagrams","1964","A",42874.0246,NA,42874.0246
"United States of America","Manure left on Pasture","gigagrams","1965","A",43795.4326,NA,43795.4326
"United States of America","Manure left on Pasture","gigagrams","1966","A",44031.6355,NA,44031.6355
"United States of America","Manure left on Pasture","gigagrams","1967","A",44217.1423,NA,44217.1423
"United States of America","Manure left on Pasture","gigagrams","1968","A",44640.0273,NA,44640.0273
"United States of America","Manure left on Pasture","gigagrams","1969","A",45091.9833,NA,45091.9833
"United States of America","Manure left on Pasture","gigagrams","1970","A",46217.2017,NA,46217.2017
"United States of America","Manure left on Pasture","gigagrams","1971","A",47263.0579,NA,47263.0579
"United States of America","Manure left on Pasture","gigagrams","1972","A",48633.8958,NA,48633.8958
"United States of America","Manure left on Pasture","gigagrams","1973","A",50245.6672,NA,50245.6672
"United States of America","Manure left on Pasture","gigagrams","1974","A",52892.6175,NA,52892.6175
"United States of America","Manure left on Pasture","gigagrams","1975","A",54637.1017,NA,54637.1017
"United States of America","Manure left on Pasture","gigagrams","1976","A",52908.8842,NA,52908.8842
"United States of America","Manure left on Pasture","gigagrams","1977","A",50725.3424,NA,50725.3424
"United States of America","Manure left on Pasture","gigagrams","1978","A",48083.5658,NA,48083.5658
"United States of America","Manure left on Pasture","gigagrams","1979","A",45778.3158,NA,45778.3158
"United States of America","Manure left on Pasture","gigagrams","1980","A",45947.905,NA,45947.905
"United States of America","Manure left on Pasture","gigagrams","1981","A",47253.4299,NA,47253.4299
"United States of America","Manure left on Pasture","gigagrams","1982","A",47690.0385,NA,47690.0385
"United States of America","Manure left on Pasture","gigagrams","1983","A",47457.5542,NA,47457.5542
"United States of America","Manure left on Pasture","gigagrams","1984","A",46824.5243,NA,46824.5243
"United States of America","Manure left on Pasture","gigagrams","1985","A",45149.6255,NA,45149.6255
"United States of America","Manure left on Pasture","gigagrams","1986","A",43419.523,NA,43419.523
"United States of America","Manure left on Pasture","gigagrams","1987","A",42166.4347,NA,42166.4347
"United States of America","Manure left on Pasture","gigagrams","1988","A",41174.3344,NA,41174.3344
"United States of America","Manure left on Pasture","gigagrams","1989","A",40010.3909,NA,40010.3909
"United States of America","Manure left on Pasture","gigagrams","1990","A",39666.9041,NA,39666.9041
"United States of America","Manure left on Pasture","gigagrams","1991","A",39961.4559,NA,39961.4559
"United States of America","Manure left on Pasture","gigagrams","1992","A",40494.1798,NA,40494.1798
"United States of America","Manure left on Pasture","gigagrams","1993","A",41188.6935,NA,41188.6935
"United States of America","Manure left on Pasture","gigagrams","1994","A",41957.2255,NA,41957.2255
"United States of America","Manure left on Pasture","gigagrams","1995","A",42699.2403,NA,42699.2403
"United States of America","Manure left on Pasture","gigagrams","1996","A",43038.8045,NA,43038.8045
"United States of America","Manure left on Pasture","gigagrams","1997","A",42249.7557,NA,42249.7557
"United States of America","Manure left on Pasture","gigagrams","1998","A",41466.0556,NA,41466.0556
"United States of America","Manure left on Pasture","gigagrams","1999","A",41187.2749,NA,41187.2749
"United States of America","Manure left on Pasture","gigagrams","2000","A",40800.8513,NA,40800.8513
"United States of America","Manure left on Pasture","gigagrams","2001","A",40519.6334,NA,40519.6334
"United States of America","Manure left on Pasture","gigagrams","2002","A",40389.1962,NA,40389.1962
"United States of America","Manure left on Pasture","gigagrams","2003","A",40390.3459,NA,40390.3459
"United States of America","Manure left on Pasture","gigagrams","2004","A",40150.7464,NA,40150.7464
"United States of America","Manure left on Pasture","gigagrams","2005","A",40518.9951,NA,40518.9951
"United States of America","Manure left on Pasture","gigagrams","2006","A",41293.8627,NA,41293.8627
"United States of America","Manure left on Pasture","gigagrams","2007","A",41229.9654,NA,41229.9654
"United States of America","Manure left on Pasture","gigagrams","2008","A",40961.0122,NA,40961.0122
"United States of America","Manure left on Pasture","gigagrams","2009","A",40496.4708,NA,40496.4708
"United States of America","Manure left on Pasture","gigagrams","2010","A",40295.4121,NA,40295.4121
"United States of America","Manure left on Pasture","gigagrams","2011","A",39798.1075,NA,39798.1075
"United States of America","Manure left on Pasture","gigagrams","2012","A",39065.6284,NA,39065.6284
"United States of America","Manure left on Pasture","gigagrams","2013","A",38612.6589,NA,38612.6589
"United States of America","Manure left on Pasture","gigagrams","2014","A",37935.644,NA,37935.644
"United States of America","Manure left on Pasture","gigagrams","2015","A",38188.7508,NA,38188.7508
"United States of America","Manure left on Pasture","gigagrams","2016","A",39421.5679,NA,39421.5679
"United States of America","Manure left on Pasture","gigagrams","2017","A",40171.7629,NA,40171.7629
"United States of America","Manure left on Pasture","gigagrams","2030","A",42378.816,NA,42378.816
"United States of America","Manure left on Pasture","gigagrams","2050","A",41368.3365,NA,41368.3365
"United States of America","Crop Residues","gigagrams","1961","A",12322.2258,NA,12322.2258
"United States of America","Crop Residues","gigagrams","1962","A",12078.6965,NA,12078.6965
"United States of America","Crop Residues","gigagrams","1963","A",12773.2197,NA,12773.2197
"United States of America","Crop Residues","gigagrams","1964","A",12219.9488,NA,12219.9488
"United States of America","Crop Residues","gigagrams","1965","A",13568.2267,NA,13568.2267
"United States of America","Crop Residues","gigagrams","1966","A",13794.4509,NA,13794.4509
"United States of America","Crop Residues","gigagrams","1967","A",15252.0152,NA,15252.0152
"United States of America","Crop Residues","gigagrams","1968","A",15245.2293,NA,15245.2293
"United States of America","Crop Residues","gigagrams","1969","A",15234.445,NA,15234.445
"United States of America","Crop Residues","gigagrams","1970","A",14364.3534,NA,14364.3534
"United States of America","Crop Residues","gigagrams","1971","A",17018.9866,NA,17018.9866
"United States of America","Crop Residues","gigagrams","1972","A",16522.718,NA,16522.718
"United States of America","Crop Residues","gigagrams","1973","A",17929.1518,NA,17929.1518
"United States of America","Crop Residues","gigagrams","1974","A",15959.7197,NA,15959.7197
"United States of America","Crop Residues","gigagrams","1975","A",18859.9075,NA,18859.9075
"United States of America","Crop Residues","gigagrams","1976","A",18786.4815,NA,18786.4815
"United States of America","Crop Residues","gigagrams","1977","A",19981.0726,NA,19981.0726
"United States of America","Crop Residues","gigagrams","1978","A",20476.0643,NA,20476.0643
"United States of America","Crop Residues","gigagrams","1979","A",22569.2255,NA,22569.2255
"United States of America","Crop Residues","gigagrams","1980","A",20632.0353,NA,20632.0353
"United States of America","Crop Residues","gigagrams","1981","A",24122.8217,NA,24122.8217
"United States of America","Crop Residues","gigagrams","1982","A",24537.6598,NA,24537.6598
"United States of America","Crop Residues","gigagrams","1983","A",17182.1392,NA,17182.1392
"United States of America","Crop Residues","gigagrams","1984","A",22954.2396,NA,22954.2396
"United States of America","Crop Residues","gigagrams","1985","A",24515.0376,NA,24515.0376
"United States of America","Crop Residues","gigagrams","1986","A",22345.9297,NA,22345.9297
"United States of America","Crop Residues","gigagrams","1987","A",20514.5652,NA,20514.5652
"United States of America","Crop Residues","gigagrams","1988","A",16249.7075,NA,16249.7075
"United States of America","Crop Residues","gigagrams","1989","A",20741.4435,NA,20741.4435
"United States of America","Crop Residues","gigagrams","1990","A",22452.3424,NA,22452.3424
"United States of America","Crop Residues","gigagrams","1991","A",20558.3958,NA,20558.3958
"United States of America","Crop Residues","gigagrams","1992","A",24524.8633,NA,24524.8633
"United States of America","Crop Residues","gigagrams","1993","A",19607.8307,NA,19607.8307
"United States of America","Crop Residues","gigagrams","1994","A",24999.6245,NA,24999.6245
"United States of America","Crop Residues","gigagrams","1995","A",20822.8304,NA,20822.8304
"United States of America","Crop Residues","gigagrams","1996","A",23989.8911,NA,23989.8911
"United States of America","Crop Residues","gigagrams","1997","A",24698.136,NA,24698.136
"United States of America","Crop Residues","gigagrams","1998","A",25369.4859,NA,25369.4859
"United States of America","Crop Residues","gigagrams","1999","A",24414.343,NA,24414.343
"United States of America","Crop Residues","gigagrams","2000","A",24825.1497,NA,24825.1497
"United States of America","Crop Residues","gigagrams","2001","A",23913.6595,NA,23913.6595
"United States of America","Crop Residues","gigagrams","2002","A",22198.5413,NA,22198.5413
"United States of America","Crop Residues","gigagrams","2003","A",24664.9222,NA,24664.9222
"United States of America","Crop Residues","gigagrams","2004","A",27285.4401,NA,27285.4401
"United States of America","Crop Residues","gigagrams","2005","A",26057.0568,NA,26057.0568
"United States of America","Crop Residues","gigagrams","2006","A",24740.5341,NA,24740.5341
"United States of America","Crop Residues","gigagrams","2007","A",27546.0047,NA,27546.0047
"United States of America","Crop Residues","gigagrams","2008","A",27989.2322,NA,27989.2322
"United States of America","Crop Residues","gigagrams","2009","A",29029.3162,NA,29029.3162
"United States of America","Crop Residues","gigagrams","2010","A",28194.9702,NA,28194.9702
"United States of America","Crop Residues","gigagrams","2011","A",26846.8112,NA,26846.8112
"United States of America","Crop Residues","gigagrams","2012","A",25890.4752,NA,25890.4752
"United States of America","Crop Residues","gigagrams","2013","A",29682.9907,NA,29682.9907
"United States of America","Crop Residues","gigagrams","2014","A",30943.6284,NA,30943.6284
"United States of America","Crop Residues","gigagrams","2015","A",30478.5189,NA,30478.5189
"United States of America","Crop Residues","gigagrams","2016","A",33153.9853,NA,33153.9853
"United States of America","Crop Residues","gigagrams","2017","A",31318.4645,NA,31318.4645
"United States of America","Crop Residues","gigagrams","2030","A",32687.879,NA,32687.879
"United States of America","Crop Residues","gigagrams","2050","A",34374.5208,NA,34374.5208
"United States of America","Cultivation of Organic Soils","gigagrams","1961",NA,NA,NA,NA
"United States of America","Cultivation of Organic Soils","gigagrams","1962",NA,NA,NA,NA
"United States of America","Cultivation of Organic Soils","gigagrams","1963",NA,NA,NA,NA
"United States of America","Cultivation of Organic Soils","gigagrams","1964",NA,NA,NA,NA
"United States of America","Cultivation of Organic Soils","gigagrams","1965",NA,NA,NA,NA
"United States of America","Cultivation of Organic Soils","gigagrams","1966",NA,NA,NA,NA
"United States of America","Cultivation of Organic Soils","gigagrams","1967",NA,NA,NA,NA
"United States of America","Cultivation of Organic Soils","gigagrams","1968",NA,NA,NA,NA
"United States of America","Cultivation of Organic Soils","gigagrams","1969",NA,NA,NA,NA
"United States of America","Cultivation of Organic Soils","gigagrams","1970",NA,NA,NA,NA
"United States of America","Cultivation of Organic Soils","gigagrams","1971",NA,NA,NA,NA
"United States of America","Cultivation of Organic Soils","gigagrams","1972",NA,NA,NA,NA
"United States of America","Cultivation of Organic Soils","gigagrams","1973",NA,NA,NA,NA
"United States of America","Cultivation of Organic Soils","gigagrams","1974",NA,NA,NA,NA
"United States of America","Cultivation of Organic Soils","gigagrams","1975",NA,NA,NA,NA
"United States of America","Cultivation of Organic Soils","gigagrams","1976",NA,NA,NA,NA
"United States of America","Cultivation of Organic Soils","gigagrams","1977",NA,NA,NA,NA
"United States of America","Cultivation of Organic Soils","gigagrams","1978",NA,NA,NA,NA
"United States of America","Cultivation of Organic Soils","gigagrams","1979",NA,NA,NA,NA
"United States of America","Cultivation of Organic Soils","gigagrams","1980",NA,NA,NA,NA
"United States of America","Cultivation of Organic Soils","gigagrams","1981",NA,NA,NA,NA
"United States of America","Cultivation of Organic Soils","gigagrams","1982",NA,NA,NA,NA
"United States of America","Cultivation of Organic Soils","gigagrams","1983",NA,NA,NA,NA
"United States of America","Cultivation of Organic Soils","gigagrams","1984",NA,NA,NA,NA
"United States of America","Cultivation of Organic Soils","gigagrams","1985",NA,NA,NA,NA
"United States of America","Cultivation of Organic Soils","gigagrams","1986",NA,NA,NA,NA
"United States of America","Cultivation of Organic Soils","gigagrams","1987",NA,NA,NA,NA
"United States of America","Cultivation of Organic Soils","gigagrams","1988",NA,NA,NA,NA
"United States of America","Cultivation of Organic Soils","gigagrams","1989",NA,NA,NA,NA
"United States of America","Cultivation of Organic Soils","gigagrams","1990","A",8354.0065,NA,8354.0065
"United States of America","Cultivation of Organic Soils","gigagrams","1991","A",8354.0065,NA,8354.0065
"United States of America","Cultivation of Organic Soils","gigagrams","1992","A",8354.0065,NA,8354.0065
"United States of America","Cultivation of Organic Soils","gigagrams","1993","A",8354.0065,NA,8354.0065
"United States of America","Cultivation of Organic Soils","gigagrams","1994","A",8354.0065,NA,8354.0065
"United States of America","Cultivation of Organic Soils","gigagrams","1995","A",8354.0065,NA,8354.0065
"United States of America","Cultivation of Organic Soils","gigagrams","1996","A",8354.0065,NA,8354.0065
"United States of America","Cultivation of Organic Soils","gigagrams","1997","A",8354.0065,NA,8354.0065
"United States of America","Cultivation of Organic Soils","gigagrams","1998","A",8354.0065,NA,8354.0065
"United States of America","Cultivation of Organic Soils","gigagrams","1999","A",8354.0065,NA,8354.0065
"United States of America","Cultivation of Organic Soils","gigagrams","2000","A",8354.0065,NA,8354.0065
"United States of America","Cultivation of Organic Soils","gigagrams","2001","A",8341.3437,NA,8341.3437
"United States of America","Cultivation of Organic Soils","gigagrams","2002","A",8341.6308,NA,8341.6308
"United States of America","Cultivation of Organic Soils","gigagrams","2003","A",8337.9515,NA,8337.9515
"United States of America","Cultivation of Organic Soils","gigagrams","2004","A",8328.1792,NA,8328.1792
"United States of America","Cultivation of Organic Soils","gigagrams","2005","A",8320.0686,NA,8320.0686
"United States of America","Cultivation of Organic Soils","gigagrams","2006","A",8310.048,NA,8310.048
"United States of America","Cultivation of Organic Soils","gigagrams","2007","A",8308.0349,NA,8308.0349
"United States of America","Cultivation of Organic Soils","gigagrams","2008","A",8301.9172,NA,8301.9172
"United States of America","Cultivation of Organic Soils","gigagrams","2009","A",8295.967,NA,8295.967
"United States of America","Cultivation of Organic Soils","gigagrams","2010","A",8294.7102,NA,8294.7102
"United States of America","Cultivation of Organic Soils","gigagrams","2011","A",8289.3154,NA,8289.3154
"United States of America","Cultivation of Organic Soils","gigagrams","2012","A",8278.8895,NA,8278.8895
"United States of America","Cultivation of Organic Soils","gigagrams","2013","A",8259.389,NA,8259.389
"United States of America","Cultivation of Organic Soils","gigagrams","2014","A",8248.5888,NA,8248.5888
"United States of America","Cultivation of Organic Soils","gigagrams","2015","A",8241.492,NA,8241.492
"United States of America","Cultivation of Organic Soils","gigagrams","2016","A",8241.492,NA,8241.492
"United States of America","Cultivation of Organic Soils","gigagrams","2017","A",8241.492,NA,8241.492
"United States of America","Cultivation of Organic Soils","gigagrams","2030","A",8241.492,NA,8241.492
"United States of America","Cultivation of Organic Soils","gigagrams","2050","A",8241.492,NA,8241.492
"United States of America","Burning - Crop residues","gigagrams","1961","A",2519.855,1822.3952,697.4599
"United States of America","Burning - Crop residues","gigagrams","1962","A",2363.1961,1709.0972,654.0989
"United States of America","Burning - Crop residues","gigagrams","1963","A",2499.3938,1807.5973,691.7965
"United States of America","Burning - Crop residues","gigagrams","1964","A",2433.5104,1759.9495,673.5609
"United States of America","Burning - Crop residues","gigagrams","1965","A",2430.3794,1757.6851,672.6943
"United States of America","Burning - Crop residues","gigagrams","1966","A",2485.3448,1797.4368,687.9079
"United States of America","Burning - Crop residues","gigagrams","1967","A",2713.4978,1962.4404,751.0574
"United States of America","Burning - Crop residues","gigagrams","1968","A",2524.6417,1825.8569,698.7847
"United States of America","Burning - Crop residues","gigagrams","1969","A",2377.9689,1719.7811,658.1878
"United States of America","Burning - Crop residues","gigagrams","1970","A",2416.3603,1747.5463,668.814
"United States of America","Burning - Crop residues","gigagrams","1971","A",2684.6714,1941.5927,743.0787
"United States of America","Burning - Crop residues","gigagrams","1972","A",2471.2165,1787.2191,683.9974
"United States of America","Burning - Crop residues","gigagrams","1973","A",2711.9359,1961.3108,750.6251
"United States of America","Burning - Crop residues","gigagrams","1974","A",2963.973,2143.5876,820.3854
"United States of America","Burning - Crop residues","gigagrams","1975","A",3092.6626,2236.6578,856.0048
"United States of America","Burning - Crop residues","gigagrams","1976","A",3227.4635,2334.1477,893.3158
"United States of America","Burning - Crop residues","gigagrams","1977","A",3173.2942,2294.9717,878.3225
"United States of America","Burning - Crop residues","gigagrams","1978","A",3066.3196,2217.6062,848.7135
"United States of America","Burning - Crop residues","gigagrams","1979","A",3154.8102,2281.6038,873.2064
"United States of America","Burning - Crop residues","gigagrams","1980","A",3290.3879,2379.6556,910.7324
"United States of America","Burning - Crop residues","gigagrams","1981","A",3469.602,2509.2657,960.3363
"United States of America","Burning - Crop residues","gigagrams","1982","A",3368.47,2436.1256,932.3444
"United States of America","Burning - Crop residues","gigagrams","1983","A",2466.1517,1783.5561,682.5956
"United States of America","Burning - Crop residues","gigagrams","1984","A",3194.7439,2310.4844,884.2595
"United States of America","Burning - Crop residues","gigagrams","1985","A",3266.6783,2362.5084,904.1699
"United States of America","Burning - Crop residues","gigagrams","1986","A",3013.954,2179.7346,834.2194
"United States of America","Burning - Crop residues","gigagrams","1987","A",2655.7451,1920.6728,735.0723
"United States of America","Burning - Crop residues","gigagrams","1988","A",2591.1871,1873.9835,717.2036
"United States of America","Burning - Crop residues","gigagrams","1989","A",2909.0142,2103.8406,805.1736
"United States of America","Burning - Crop residues","gigagrams","1990","A",3066.8536,2217.9923,848.8613
"United States of America","Burning - Crop residues","gigagrams","1991","A",2984.1644,2158.1904,825.9741
"United States of America","Burning - Crop residues","gigagrams","1992","A",3157.077,2283.2432,873.8338
"United States of America","Burning - Crop residues","gigagrams","1993","A",2861.5968,2069.5477,792.0491
"United States of America","Burning - Crop residues","gigagrams","1994","A",3161.7918,2286.653,875.1388
"United States of America","Burning - Crop residues","gigagrams","1995","A",2916.2852,2109.0991,807.1861
"United States of America","Burning - Crop residues","gigagrams","1996","A",3169.072,2291.9182,877.1539
"United States of America","Burning - Crop residues","gigagrams","1997","A",3175.629,2296.6603,878.9688
"United States of America","Burning - Crop residues","gigagrams","1998","A",3128.2627,2262.4042,865.8584
"United States of America","Burning - Crop residues","gigagrams","1999","A",3001.212,2170.5194,830.6926
"United States of America","Burning - Crop residues","gigagrams","2000","A",3046.1008,2202.9836,843.1172
"United States of America","Burning - Crop residues","gigagrams","2001","A",2876.0509,2080.0011,796.0498
"United States of America","Burning - Crop residues","gigagrams","2002","A",2858.3017,2067.1647,791.1371
"United States of America","Burning - Crop residues","gigagrams","2003","A",2997.0794,2167.5307,829.5488
"United States of America","Burning - Crop residues","gigagrams","2004","A",3047.6729,2204.1206,843.5523
"United States of America","Burning - Crop residues","gigagrams","2005","A",3096.8783,2239.7066,857.1717
"United States of America","Burning - Crop residues","gigagrams","2006","A",2902.8636,2099.3924,803.4712
"United States of America","Burning - Crop residues","gigagrams","2007","A",3458.4059,2501.1686,957.2374
"United States of America","Burning - Crop residues","gigagrams","2008","A",3269.558,2364.591,904.9669
"United States of America","Burning - Crop residues","gigagrams","2009","A",3227.4011,2334.1026,893.2985
"United States of America","Burning - Crop residues","gigagrams","2010","A",3269.6091,2364.628,904.9811
"United States of America","Burning - Crop residues","gigagrams","2011","A",3304.9898,2390.2158,914.774
"United States of America","Burning - Crop residues","gigagrams","2012","A",3458.1032,2500.9496,957.1536
"United States of America","Burning - Crop residues","gigagrams","2013","A",3411.7992,2467.4619,944.3373
"United States of America","Burning - Crop residues","gigagrams","2014","A",3295.4823,2383.3399,912.1424
"United States of America","Burning - Crop residues","gigagrams","2015","A",3222.8863,2330.8374,892.0489
"United States of America","Burning - Crop residues","gigagrams","2016","A",3381.4862,2445.5392,935.9471
"United States of America","Burning - Crop residues","gigagrams","2017","A",3161.0547,2286.1199,874.9348
"United States of America","Burning - Crop residues","gigagrams","2030","A",3558.6246,2573.6482,984.9765
"United States of America","Burning - Crop residues","gigagrams","2050","A",3671.484,2655.2697,1016.2143
"United States of America","Burning - Savanna","gigagrams","1961",NA,NA,NA,NA
"United States of America","Burning - Savanna","gigagrams","1962",NA,NA,NA,NA
"United States of America","Burning - Savanna","gigagrams","1963",NA,NA,NA,NA
"United States of America","Burning - Savanna","gigagrams","1964",NA,NA,NA,NA
"United States of America","Burning - Savanna","gigagrams","1965",NA,NA,NA,NA
"United States of America","Burning - Savanna","gigagrams","1966",NA,NA,NA,NA
"United States of America","Burning - Savanna","gigagrams","1967",NA,NA,NA,NA
"United States of America","Burning - Savanna","gigagrams","1968",NA,NA,NA,NA
"United States of America","Burning - Savanna","gigagrams","1969",NA,NA,NA,NA
"United States of America","Burning - Savanna","gigagrams","1970",NA,NA,NA,NA
"United States of America","Burning - Savanna","gigagrams","1971",NA,NA,NA,NA
"United States of America","Burning - Savanna","gigagrams","1972",NA,NA,NA,NA
"United States of America","Burning - Savanna","gigagrams","1973",NA,NA,NA,NA
"United States of America","Burning - Savanna","gigagrams","1974",NA,NA,NA,NA
"United States of America","Burning - Savanna","gigagrams","1975",NA,NA,NA,NA
"United States of America","Burning - Savanna","gigagrams","1976",NA,NA,NA,NA
"United States of America","Burning - Savanna","gigagrams","1977",NA,NA,NA,NA
"United States of America","Burning - Savanna","gigagrams","1978",NA,NA,NA,NA
"United States of America","Burning - Savanna","gigagrams","1979",NA,NA,NA,NA
"United States of America","Burning - Savanna","gigagrams","1980",NA,NA,NA,NA
"United States of America","Burning - Savanna","gigagrams","1981",NA,NA,NA,NA
"United States of America","Burning - Savanna","gigagrams","1982",NA,NA,NA,NA
"United States of America","Burning - Savanna","gigagrams","1983",NA,NA,NA,NA
"United States of America","Burning - Savanna","gigagrams","1984",NA,NA,NA,NA
"United States of America","Burning - Savanna","gigagrams","1985",NA,NA,NA,NA
"United States of America","Burning - Savanna","gigagrams","1986",NA,NA,NA,NA
"United States of America","Burning - Savanna","gigagrams","1987",NA,NA,NA,NA
"United States of America","Burning - Savanna","gigagrams","1988",NA,NA,NA,NA
"United States of America","Burning - Savanna","gigagrams","1989",NA,NA,NA,NA
"United States of America","Burning - Savanna","gigagrams","1990","A",1339.2195,574.8366,764.3829
"United States of America","Burning - Savanna","gigagrams","1991","A",1339.2195,574.8366,764.3829
"United States of America","Burning - Savanna","gigagrams","1992","A",1339.2195,574.8366,764.3829
"United States of America","Burning - Savanna","gigagrams","1993","A",1339.2195,574.8366,764.3829
"United States of America","Burning - Savanna","gigagrams","1994","A",1339.2195,574.8366,764.3829
"United States of America","Burning - Savanna","gigagrams","1995","A",1339.2195,574.8366,764.3829
"United States of America","Burning - Savanna","gigagrams","1996","A",1600.9983,681.9069,919.0914
"United States of America","Burning - Savanna","gigagrams","1997","A",715.251,304.6439,410.6071
"United States of America","Burning - Savanna","gigagrams","1998","A",1157.5214,493.0185,664.503
"United States of America","Burning - Savanna","gigagrams","1999","A",1217.2078,518.4405,698.7673
"United States of America","Burning - Savanna","gigagrams","2000","A",1309.2003,557.6223,751.5779
"United States of America","Burning - Savanna","gigagrams","2001","A",465.5735,200.3737,265.1997
"United States of America","Burning - Savanna","gigagrams","2002","A",1270.7835,546.1467,724.6368
"United States of America","Burning - Savanna","gigagrams","2003","A",1232.7451,529.4977,703.2474
"United States of America","Burning - Savanna","gigagrams","2004","A",1878.2116,810.3868,1067.8248
"United States of America","Burning - Savanna","gigagrams","2005","A",2776.1104,1193.1168,1582.9936
"United States of America","Burning - Savanna","gigagrams","2006","A",1665.8288,716.3776,949.4513
"United States of America","Burning - Savanna","gigagrams","2007","A",1730.9668,743.2718,987.695
"United States of America","Burning - Savanna","gigagrams","2008","A",1084.5696,466.4336,618.136
"United States of America","Burning - Savanna","gigagrams","2009","A",1310.0404,563.9764,746.064
"United States of America","Burning - Savanna","gigagrams","2010","A",746.6125,320.9847,425.6278
"United States of America","Burning - Savanna","gigagrams","2011","A",2513.567,1078.5748,1434.9922
"United States of America","Burning - Savanna","gigagrams","2012","A",1397.0151,601.4249,795.5902
"United States of America","Burning - Savanna","gigagrams","2013","A",683.6366,294.1771,389.4595
"United States of America","Burning - Savanna","gigagrams","2014","A",826.2067,355.6407,470.566
"United States of America","Burning - Savanna","gigagrams","2015","A",1427.0538,615.5705,811.4833
"United States of America","Burning - Savanna","gigagrams","2016","A",1114.5092,479.9832,634.526
"United States of America","Burning - Savanna","gigagrams","2017","A",1339.2195,574.8366,764.3829
"United States of America","Burning - Savanna","gigagrams","2030","A",1339.2195,574.8366,764.3829
"United States of America","Burning - Savanna","gigagrams","2050","A",1339.2195,574.8366,764.3829
"United States of America","Agriculture total","gigagrams","1961","A",284359.5705,184205.6845,100153.8859
"United States of America","Agriculture total","gigagrams","1962","A",292439.3932,187880.5697,104558.8235
"United States of America","Agriculture total","gigagrams","1963","A",300768.4096,190957.9691,109810.4405
"United States of America","Agriculture total","gigagrams","1964","A",305329.985,192724.6941,112605.291
"United States of America","Agriculture total","gigagrams","1965","A",309376.7771,190782.7608,118594.0163
"United States of America","Agriculture total","gigagrams","1966","A",310169.576,187511.163,122658.413
"United States of America","Agriculture total","gigagrams","1967","A",316755.27,187629.1772,129126.0928
"United States of America","Agriculture total","gigagrams","1968","A",318058.0876,188013.8946,130044.1929
"United States of America","Agriculture total","gigagrams","1969","A",320468.2161,187078.5887,133389.6275
"United States of America","Agriculture total","gigagrams","1970","A",324673.064,187036.1584,137636.9056
"United States of America","Agriculture total","gigagrams","1971","A",333614.3572,192011.0175,141603.3397
"United States of America","Agriculture total","gigagrams","1972","A",337987.9088,193734.0956,144253.8132
"United States of America","Agriculture total","gigagrams","1973","A",349791.4046,197312.7075,152478.6971
"United States of America","Agriculture total","gigagrams","1974","A",356189.8141,205355.935,150833.8791
"United States of America","Agriculture total","gigagrams","1975","A",374998.8305,208984.7808,166014.0497
"United States of America","Agriculture total","gigagrams","1976","A",366787.2211,201633.4643,165153.7568
"United States of America","Agriculture total","gigagrams","1977","A",356020.6976,196220.6702,159800.0274
"United States of America","Agriculture total","gigagrams","1978","A",352551.7519,191115.0777,161436.6742
"United States of America","Agriculture total","gigagrams","1979","A",350800.1777,185520.6943,165279.4834
"United States of America","Agriculture total","gigagrams","1980","A",356595.0853,189433.8222,167161.2631
"United States of America","Agriculture total","gigagrams","1981","A",361058.7741,194096.8089,166961.9651
"United States of America","Agriculture total","gigagrams","1982","A",349167.9491,192479.3181,156688.6309
"United States of America","Agriculture total","gigagrams","1983","A",347097.8062,186959.6226,160138.1837
"United States of America","Agriculture total","gigagrams","1984","A",355011.9082,187317.961,167693.9472
"United States of America","Agriculture total","gigagrams","1985","A",343022.3855,181886.0423,161136.3432
"United States of America","Agriculture total","gigagrams","1986","A",331176.767,175534.7181,155642.0489
"United States of America","Agriculture total","gigagrams","1987","A",324401.2503,170097.2528,154303.9974
"United States of America","Agriculture total","gigagrams","1988","A",319072.3108,169653.3937,149418.9171
"United States of America","Agriculture total","gigagrams","1989","A",321552.3789,165831.8711,155720.5078
"United States of America","Agriculture total","gigagrams","1990","A",333243.5121,165463.8174,167779.6947
"United States of America","Agriculture total","gigagrams","1991","A",334045.6831,166523.929,167521.7541
"United States of America","Agriculture total","gigagrams","1992","A",340710.0778,168803.0227,171907.0551
"United States of America","Agriculture total","gigagrams","1993","A",344547.373,169126.3408,175421.0322
"United States of America","Agriculture total","gigagrams","1994","A",349750.178,173031.3341,176718.8439
"United States of America","Agriculture total","gigagrams","1995","A",350698.0919,173664.636,177033.456
"United States of America","Agriculture total","gigagrams","1996","A",354479.8841,173152.3497,181327.5344
"United States of America","Agriculture total","gigagrams","1997","A",353079.7118,172461.2526,180618.4592
"United States of America","Agriculture total","gigagrams","1998","A",351936.985,170885.2208,181051.7643
"United States of America","Agriculture total","gigagrams","1999","A",348888.1019,170103.4314,178784.6705
"United States of America","Agriculture total","gigagrams","2000","A",342339.6087,167837.4242,174502.1846
"United States of America","Agriculture total","gigagrams","2001","A",342823.5285,167211.2299,175612.2986
"United States of America","Agriculture total","gigagrams","2002","A",341480.7293,166812.4574,174668.2718
"United States of America","Agriculture total","gigagrams","2003","A",346762.2362,165988.0633,180774.1729
"United States of America","Agriculture total","gigagrams","2004","A",348502.7867,166097.9739,182404.8128
"United States of America","Agriculture total","gigagrams","2005","A",347209.4419,167544.0634,179665.3785
"United States of America","Agriculture total","gigagrams","2006","A",350538.4394,167739.6391,182798.8003
"United States of America","Agriculture total","gigagrams","2007","A",353974.9678,168236.6045,185738.3633
"United States of America","Agriculture total","gigagrams","2008","A",352341.889,169663.527,182678.3619
"United States of America","Agriculture total","gigagrams","2009","A",346761.7425,167469.5866,179292.1559
"United States of America","Agriculture total","gigagrams","2010","A",348602.7547,167932.0088,180670.7459
"United States of America","Agriculture total","gigagrams","2011","A",351176.4404,164990.4202,186186.0202
"United States of America","Agriculture total","gigagrams","2012","A",347794.9391,162921.763,184873.1761
"United States of America","Agriculture total","gigagrams","2013","A",347542.124,160333.3421,187208.7819
"United States of America","Agriculture total","gigagrams","2014","A",347341.4877,160794.5553,186546.9325
"United States of America","Agriculture total","gigagrams","2015","A",346879.1939,161047.7668,185831.4271
"United States of America","Agriculture total","gigagrams","2016","A",356562.5808,166549.2275,190013.3533
"United States of America","Agriculture total","gigagrams","2017","A",355329.1803,166960.8718,188368.3084
"United States of America","Agriculture total","gigagrams","2030","A",361695.799,176085.3429,185610.4562
"United States of America","Agriculture total","gigagrams","2050","A",366640.7487,175309.4766,191331.2721
"United States of America","Agricultural Soils","gigagrams","1961","A",85091.5481,NA,85091.5481
"United States of America","Agricultural Soils","gigagrams","1962","A",89256.7842,NA,89256.7842
"United States of America","Agricultural Soils","gigagrams","1963","A",94168.1855,NA,94168.1855
"United States of America","Agricultural Soils","gigagrams","1964","A",96745.9939,NA,96745.9939
"United States of America","Agricultural Soils","gigagrams","1965","A",102834.4122,NA,102834.4122
"United States of America","Agricultural Soils","gigagrams","1966","A",107109.63,NA,107109.63
"United States of America","Agricultural Soils","gigagrams","1967","A",113392.5062,NA,113392.5062
"United States of America","Agricultural Soils","gigagrams","1968","A",114447.8119,NA,114447.8119
"United States of America","Agricultural Soils","gigagrams","1969","A",117791.1519,NA,117791.1519
"United States of America","Agricultural Soils","gigagrams","1970","A",121902.8388,NA,121902.8388
"United States of America","Agricultural Soils","gigagrams","1971","A",125352.4337,NA,125352.4337
"United States of America","Agricultural Soils","gigagrams","1972","A",127862.1083,NA,127862.1083
"United States of America","Agricultural Soils","gigagrams","1973","A",135831.1623,NA,135831.1623
"United States of America","Agricultural Soils","gigagrams","1974","A",133545.0949,NA,133545.0949
"United States of America","Agricultural Soils","gigagrams","1975","A",148522.6785,NA,148522.6785
"United States of America","Agricultural Soils","gigagrams","1976","A",148041.6642,NA,148041.6642
"United States of America","Agricultural Soils","gigagrams","1977","A",143042.2862,NA,143042.2862
"United States of America","Agricultural Soils","gigagrams","1978","A",145222.3386,NA,145222.3386
"United States of America","Agricultural Soils","gigagrams","1979","A",149329.244,NA,149329.244
"United States of America","Agricultural Soils","gigagrams","1980","A",150926.9127,NA,150926.9127
"United States of America","Agricultural Soils","gigagrams","1981","A",150400.3661,NA,150400.3661
"United States of America","Agricultural Soils","gigagrams","1982","A",140205.3266,NA,140205.3266
"United States of America","Agricultural Soils","gigagrams","1983","A",144027.9661,NA,144027.9661
"United States of America","Agricultural Soils","gigagrams","1984","A",151498.2693,NA,151498.2693
"United States of America","Agricultural Soils","gigagrams","1985","A",145214.4688,NA,145214.4688
"United States of America","Agricultural Soils","gigagrams","1986","A",140127.0113,NA,140127.0113
"United States of America","Agricultural Soils","gigagrams","1987","A",139082.585,NA,139082.585
"United States of America","Agricultural Soils","gigagrams","1988","A",134351.0397,NA,134351.0397
"United States of America","Agricultural Soils","gigagrams","1989","A",140711.0521,NA,140711.0521
"United States of America","Agricultural Soils","gigagrams","1990","A",151954.9285,NA,151954.9285
"United States of America","Agricultural Soils","gigagrams","1991","A",151539.7539,NA,151539.7539
"United States of America","Agricultural Soils","gigagrams","1992","A",155714.3477,NA,155714.3477
"United States of America","Agricultural Soils","gigagrams","1993","A",159144.0539,NA,159144.0539
"United States of America","Agricultural Soils","gigagrams","1994","A",160116.958,NA,160116.958
"United States of America","Agricultural Soils","gigagrams","1995","A",160306.9408,NA,160306.9408
"United States of America","Agricultural Soils","gigagrams","1996","A",164281.8522,NA,164281.8522
"United States of America","Agricultural Soils","gigagrams","1997","A",164114.3001,NA,164114.3001
"United States of America","Agricultural Soils","gigagrams","1998","A",164520.6127,NA,164520.6127
"United States of America","Agricultural Soils","gigagrams","1999","A",162393.7404,NA,162393.7404
"United States of America","Agricultural Soils","gigagrams","2000","A",158058.837,NA,158058.837
"United States of America","Agricultural Soils","gigagrams","2001","A",159733.1201,NA,159733.1201
"United States of America","Agricultural Soils","gigagrams","2002","A",158336.1494,NA,158336.1494
"United States of America","Agricultural Soils","gigagrams","2003","A",164505.4614,NA,164505.4614
"United States of America","Agricultural Soils","gigagrams","2004","A",165890.5388,NA,165890.5388
"United States of America","Agricultural Soils","gigagrams","2005","A",162586.2497,NA,162586.2497
"United States of America","Agricultural Soils","gigagrams","2006","A",166190.0308,NA,166190.0308
"United States of America","Agricultural Soils","gigagrams","2007","A",168861.9433,NA,168861.9433
"United States of America","Agricultural Soils","gigagrams","2008","A",166082.9648,NA,166082.9648
"United States of America","Agricultural Soils","gigagrams","2009","A",162985.949,NA,162985.949
"United States of America","Agricultural Soils","gigagrams","2010","A",164728.681,NA,164728.681
"United States of America","Agricultural Soils","gigagrams","2011","A",169287.695,NA,169287.695
"United States of America","Agricultural Soils","gigagrams","2012","A",168703.9298,NA,168703.9298
"United States of America","Agricultural Soils","gigagrams","2013","A",171633.1653,NA,171633.1653
"United States of America","Agricultural Soils","gigagrams","2014","A",170961.2318,NA,170961.2318
"United States of America","Agricultural Soils","gigagrams","2015","A",169842.9769,NA,169842.9769
"United States of America","Agricultural Soils","gigagrams","2016","A",173811.0578,NA,173811.0578
"United States of America","Agricultural Soils","gigagrams","2017","A",171886.4243,NA,171886.4243
"United States of America","Agricultural Soils","gigagrams","2030","A",167992.4689,NA,167992.4689
"United States of America","Agricultural Soils","gigagrams","2050","A",173385.9597,NA,173385.9597
